MAE,RMSE,MAPE
23907.3978001799,27086.51250117349,66.16270027897944
